Date,Open,High,Low,Close,Adj Close,Volume
2024-04-18,272.57000732421875,273.1499938964844,269.8599853515625,271.3699951171875,267.35943603515625,8231800
2024-04-19,271.4700012207031,272.0,268.2900085449219,269.7799987792969,265.79296875,7905400
2024-04-22,270.95001220703125,273.760009765625,269.3599853515625,272.3299865722656,268.3053283691406,6463700
2024-04-23,274.010009765625,274.8900146484375,272.7099914550781,274.1099853515625,270.0589599609375,6438000
2024-04-24,282.57000732421875,283.0,274.489990234375,275.0199890136719,270.95550537109375,8807200
2024-04-25,272.9700012207031,276.2200012207031,270.489990234375,275.1600036621094,271.0934753417969,8064600
2024-04-26,275.010009765625,276.7699890136719,273.8299865722656,274.5199890136719,270.462890625,6840600
2024-04-29,272.32000732421875,274.4700012207031,271.0899963378906,271.8399963378906,267.82257080078125,4128600
2024-04-30,270.5299987792969,272.0799865722656,268.5799865722656,268.6099853515625,264.64019775390625,6376400
2024-05-01,268.1499938964844,270.9100036621094,266.7099914550781,267.32000732421875,263.36932373046875,6119900
2024-05-02,269.3500061035156,269.4700012207031,266.6499938964844,267.6099853515625,263.6549987792969,5061700
2024-05-03,269.0,269.45001220703125,266.5,268.489990234375,264.5220031738281,3862000
2024-05-06,269.6499938964844,272.7799987792969,269.57000732421875,272.6700134277344,268.6402893066406,3958700
2024-05-07,273.7200012207031,277.8800048828125,272.8299865722656,276.4599914550781,272.37420654296875,6377100
2024-05-08,277.79998779296875,278.54998779296875,274.9200134277344,277.19000244140625,273.0934753417969,9029700
2024-05-09,276.79998779296875,278.7900085449219,276.3999938964844,278.5400085449219,274.4234924316406,8948800
2024-05-10,279.54998779296875,281.0299987792969,279.239990234375,280.739990234375,276.59100341796875,8986400
2024-05-13,281.4599914550781,282.1499938964844,279.1000061035156,279.3900146484375,275.260986328125,10528400
2024-05-14,279.44000244140625,279.989990234375,274.2699890136719,277.739990234375,273.6353454589844,18526100
2024-05-15,277.1499938964844,281.7300109863281,277.07000732421875,281.5,277.3397521972656,21288400
2024-05-16,281.739990234375,282.3800048828125,279.260009765625,279.8399963378906,276.21453857421875,10341500
2024-05-17,280.04998779296875,280.9100036621094,278.1000061035156,280.1000061035156,276.47119140625,6177800
2024-05-20,279.2200012207031,280.2699890136719,278.17999267578125,278.5400085449219,274.931396484375,5460900
2024-05-21,278.0,278.42999267578125,274.8800048828125,275.95001220703125,272.37493896484375,6578200
2024-05-22,275.5299987792969,278.0799865722656,275.1199951171875,275.5799865722656,272.00970458984375,4202500
2024-05-23,275.239990234375,277.44000244140625,273.0299987792969,274.2300109863281,270.6772155761719,6115900
2024-05-24,275.010009765625,275.239990234375,273.3500061035156,274.489990234375,270.933837890625,4339700
2024-05-28,274.2300109863281,274.4599914550781,270.2300109863281,270.9800109863281,267.4693298339844,6212100
2024-05-29,269.0,271.1400146484375,268.260009765625,268.8599853515625,265.3767395019531,5469700
2024-05-30,268.70001220703125,271.6400146484375,268.30999755859375,271.29998779296875,267.78515625,4901900
2024-05-31,271.44000244140625,272.760009765625,269.010009765625,272.4599914550781,268.93011474609375,8910000
2024-06-03,273.0899963378906,273.1300048828125,268.05999755859375,270.3800048828125,266.8771057128906,4838800
2024-06-04,269.6300048828125,272.989990234375,269.30999755859375,272.4200134277344,268.89068603515625,4188500
2024-06-05,273.5299987792969,274.92999267578125,272.0199890136719,274.5,270.9437255859375,5368700
2024-06-06,274.79998779296875,277.1499938964844,274.0799865722656,277.0400085449219,273.4508056640625,4862400
2024-06-07,277.7099914550781,280.3299865722656,276.8599853515625,278.6700134277344,275.0597229003906,4515600
2024-06-10,278.1400146484375,278.55999755859375,273.3800048828125,275.0400085449219,271.4767150878906,5213800
2024-06-11,274.5400085449219,274.8599853515625,272.2200012207031,274.6700134277344,271.1115417480469,6244600
2024-06-12,276.7699890136719,277.6000061035156,269.8999938964844,270.32000732421875,266.8179016113281,7536600
2024-06-13,270.32000732421875,271.8599853515625,269.32000732421875,271.19000244140625,267.6766052246094,7361200
2024-06-14,270.1000061035156,271.54998779296875,269.2699890136719,270.6600036621094,267.15350341796875,8537300
2024-06-17,269.0,271.8299865722656,269.0,271.1700134277344,267.6568298339844,9258200
2024-06-18,271.29998779296875,273.8999938964844,271.29998779296875,273.6199951171875,270.0751037597656,6707500
2024-06-20,273.19000244140625,278.0400085449219,273.1000061035156,276.82000732421875,273.2336730957031,10164400
2024-06-21,277.1700134277344,277.5400085449219,274.5799865722656,275.2200012207031,271.6543884277344,14594700
2024-06-24,275.32000732421875,280.3900146484375,275.2699890136719,276.29998779296875,272.72039794921875,24149600
2024-06-25,276.8500061035156,277.92999267578125,273.5299987792969,273.5299987792969,269.9862976074219,18325800
2024-06-26,272.9100036621094,274.4599914550781,271.75,273.6000061035156,270.055419921875,12172000
2024-06-27,268.510009765625,270.5899963378906,266.5,266.5899963378906,263.13616943359375,10529100
2024-06-28,267.20001220703125,268.6000061035156,261.25,262.4700012207031,259.069580078125,13957300
2024-07-01,263.7900085449219,265.7699890136719,261.29998779296875,263.239990234375,259.8296203613281,7955800
2024-07-02,263.239990234375,268.2300109863281,262.3999938964844,268.2300109863281,264.7549743652344,8697800
2024-07-03,269.07000732421875,269.75,268.1499938964844,268.989990234375,265.50506591796875,5017800
2024-07-05,269.0,270.54998779296875,268.239990234375,270.3599853515625,266.8573303222656,7986400
2024-07-08,270.25,271.44000244140625,265.9700012207031,266.3999938964844,262.94866943359375,8561100
2024-07-09,267.0,267.54998779296875,263.9200134277344,265.44000244140625,262.0010986328125,6431300
2024-07-10,259.1199951171875,263.4800109863281,258.510009765625,263.0,259.5926513671875,9635500
2024-07-11,262.1300048828125,263.6300048828125,260.760009765625,262.54998779296875,259.1485290527344,8803600
2024-07-12,264.3399963378906,267.3999938964844,263.6600036621094,265.739990234375,262.29718017578125,6627800
2024-07-15,265.6700134277344,269.239990234375,265.25,268.45001220703125,264.97210693359375,6845200
2024-07-16,268.5199890136719,270.2099914550781,267.3699951171875,269.25,265.76171875,7869900
2024-07-17,268.44000244140625,272.9100036621094,268.239990234375,272.70001220703125,269.1670227050781,5324700
2024-07-18,272.2900085449219,273.6199951171875,268.55999755859375,269.1499938964844,265.6630859375,5550800
2024-07-19,270.32000732421875,270.95001220703125,264.30999755859375,265.4599914550781,262.0208435058594,6839900
2024-07-22,267.2300109863281,268.3999938964844,265.0199890136719,267.7099914550781,264.2416687011719,5313600
2024-07-23,267.5299987792969,267.70001220703125,263.8599853515625,264.7900085449219,261.3595275878906,8109200
2024-07-24,256.07000732421875,257.20001220703125,253.1300048828125,254.1699981689453,250.87709045410156,13065900
2024-07-25,255.38999938964844,258.2200012207031,252.6999969482422,253.74000549316406,250.4526824951172,8573300
2024-07-26,255.58999633789062,261.20001220703125,255.58999633789062,259.4599914550781,256.09857177734375,7062200
2024-07-29,260.32000732421875,262.7099914550781,258.5799865722656,261.6000061035156,258.2108459472656,6068100
2024-07-30,263.2300109863281,264.29998779296875,261.010009765625,263.1000061035156,259.6914367675781,5941800
2024-07-31,264.5400085449219,266.3599853515625,264.25,265.6700134277344,262.2281188964844,7642500
2024-08-01,266.3299865722656,267.0,264.17999267578125,265.92999267578125,262.4847412109375,7269700
2024-08-02,263.8299865722656,267.9599914550781,262.8800048828125,266.5799865722656,263.1263122558594,7017900
2024-08-05,261.45001220703125,262.9200134277344,254.50999450683594,256.44000244140625,253.11769104003906,9631300
2024-08-06,256.5,260.489990234375,255.77000427246094,258.260009765625,254.9141082763672,21586800
2024-08-07,259.6600036621094,262.0299987792969,256.30999755859375,256.5199890136719,253.19664001464844,12908600
2024-08-08,258.1300048828125,260.45001220703125,257.9200134277344,259.8299865722656,256.46380615234375,8223700
2024-08-09,259.1700134277344,261.5199890136719,259.010009765625,259.760009765625,256.9088439941406,7228100
2024-08-12,260.5,261.6000061035156,259.239990234375,259.8900146484375,257.0374450683594,26769400
2024-08-13,260.1300048828125,261.67999267578125,259.2699890136719,260.1300048828125,257.2747802734375,12005700
2024-08-14,260.8699951171875,261.5,258.739990234375,261.1400146484375,258.2737121582031,8552300
2024-08-15,262.8399963378906,267.3900146484375,262.8399963378906,266.79998779296875,263.87152099609375,7397800
2024-08-16,266.8500061035156,268.44000244140625,265.3900146484375,267.3800048828125,264.4452209472656,5111100
2024-08-19,267.4200134277344,268.30999755859375,265.2300109863281,266.4700012207031,263.5451965332031,6555900
2024-08-20,267.0,268.0400085449219,265.7799987792969,268.0400085449219,265.0979919433594,6803600
2024-08-21,268.55999755859375,269.2699890136719,267.3900146484375,268.20001220703125,265.2561950683594,6639700
2024-08-22,268.94000244140625,269.5,266.57000732421875,267.94000244140625,264.9990539550781,4425200
2024-08-23,268.70001220703125,269.2099914550781,265.30999755859375,267.44000244140625,264.5045166015625,3697400
2024-08-26,267.7200012207031,270.3699951171875,267.6700134277344,268.2099914550781,265.26605224609375,4612200
2024-08-27,268.5199890136719,270.95001220703125,267.8900146484375,270.7200012207031,267.7485046386719,6594100
2024-08-28,271.1600036621094,271.9800109863281,267.6700134277344,269.19000244140625,266.2353210449219,5455100
2024-08-29,270.9800109863281,275.989990234375,270.45001220703125,274.32000732421875,271.30902099609375,5565100
2024-08-30,275.0,276.989990234375,274.260009765625,276.3699951171875,273.3365173339844,6296100
2024-09-03,276.3699951171875,282.0899963378906,276.3699951171875,278.5400085449219,275.4826965332031,7278300
2024-09-04,278.7099914550781,281.6499938964844,278.70001220703125,280.489990234375,277.4112548828125,6107500
2024-09-05,281.0,281.5,277.4100036621094,278.6199951171875,275.56182861328125,6447400
2024-09-06,277.7699890136719,280.2799987792969,277.42999267578125,279.3699951171875,276.3035888671875,7187700
2024-09-09,282.0899963378906,286.9700012207031,281.6499938964844,285.6099853515625,282.47509765625,10933900
2024-09-10,285.92999267578125,286.3999938964844,283.57000732421875,285.3399963378906,282.2080078125,5314400
2024-09-11,285.0199890136719,285.1700134277344,278.29998779296875,283.9599914550781,280.8431701660156,6281800
2024-09-12,284.0,286.0,281.4700012207031,285.3699951171875,282.23773193359375,4160800
2024-09-13,286.489990234375,288.739990234375,285.54998779296875,287.3500061035156,284.19598388671875,4987600
2024-09-16,288.04998779296875,290.8999938964844,287.739990234375,290.4800109863281,287.29168701171875,4458900
2024-09-17,290.8999938964844,293.07000732421875,290.0799865722656,291.55999755859375,288.3597717285156,5135700
2024-09-18,291.8399963378906,292.0199890136719,288.1300048828125,288.4800109863281,285.3135986328125,5890000
2024-09-19,291.0899963378906,291.4800109863281,282.8699951171875,285.239990234375,282.109130859375,10382100
2024-09-20,285.5,287.0,283.25,284.7699890136719,281.6443176269531,27810900
2024-09-23,284.8999938964844,288.8800048828125,284.6199951171875,288.6300048828125,285.4619445800781,6505600
2024-09-24,280.17999267578125,281.0,272.7099914550781,272.7799987792969,269.7859191894531,13690200
2024-09-25,274.19000244140625,274.25,268.2300109863281,269.6300048828125,266.6705017089844,11671300
2024-09-26,270.5,273.239990234375,270.0,271.69000244140625,268.7079162597656,9552500
2024-09-27,273.1600036621094,277.9800109863281,272.7799987792969,275.1700134277344,272.1496887207031,6509600
2024-09-30,275.0,275.69000244140625,273.20001220703125,274.95001220703125,271.9320983886719,5969900
2024-10-01,276.9700012207031,279.05999755859375,274.3599853515625,277.6000061035156,274.55303955078125,5781600
2024-10-02,276.57000732421875,277.6400146484375,275.3699951171875,277.0,273.9596252441406,4741600
2024-10-03,276.6700134277344,277.69000244140625,275.8399963378906,276.8599853515625,273.82110595703125,3036700
2024-10-04,277.3500061035156,278.44000244140625,275.1000061035156,277.92999267578125,274.87933349609375,4259300
2024-10-07,277.6000061035156,277.6199951171875,273.239990234375,273.7900085449219,270.7848205566406,4339300
2024-10-08,274.7099914550781,276.1000061035156,274.010009765625,274.9599914550781,271.9419860839844,4370900
2024-10-09,275.0,277.489990234375,274.4200134277344,276.92999267578125,273.8903503417969,4115800
2024-10-10,276.7799987792969,277.6700134277344,275.3500061035156,277.4700012207031,274.4244384765625,4063900
2024-10-11,276.0400085449219,278.79998779296875,275.3699951171875,277.8399963378906,274.79034423828125,4746300
2024-10-14,279.0799865722656,281.3699951171875,277.989990234375,280.67999267578125,277.59918212890625,3996600
2024-10-15,281.0,282.6400146484375,278.8299865722656,279.2900085449219,276.2245178222656,5807000
2024-10-16,278.6199951171875,287.6000061035156,278.3500061035156,287.5199890136719,284.3641357421875,9442700
2024-10-17,288.57000732421875,290.92999267578125,287.6099853515625,290.3900146484375,287.2026672363281,8815800
2024-10-18,289.9200134277344,291.0400085449219,288.0799865722656,290.6199951171875,287.4300842285156,5350900
2024-10-21,289.6000061035156,290.44000244140625,286.3299865722656,286.8500061035156,283.7015075683594,6313100
2024-10-22,285.04998779296875,286.5299987792969,283.5299987792969,284.7900085449219,281.6640930175781,5736500
2024-10-23,286.0400085449219,286.05999755859375,283.5299987792969,283.760009765625,280.6454162597656,5249300
2024-10-24,282.3900146484375,283.6199951171875,281.7300109863281,283.2200012207031,280.111328125,4679900
2024-10-25,284.0,285.0899963378906,280.7799987792969,281.7300109863281,278.6376953125,4464600
2024-10-28,282.0400085449219,284.6400146484375,281.5299987792969,284.19000244140625,281.0707092285156,4306200
2024-10-29,284.2699890136719,285.70001220703125,281.3500061035156,281.8800048828125,278.78607177734375,7534800
2024-10-30,292.3399963378906,295.7799987792969,288.3299865722656,290.1600036621094,286.97515869140625,9606800
2024-10-31,292.0899963378906,296.3399963378906,289.6199951171875,289.8500061035156,286.6685485839844,7950200
2024-11-01,288.489990234375,292.6700134277344,287.19000244140625,290.739990234375,287.5487976074219,5470700
2024-11-04,291.54998779296875,293.1499938964844,290.760009765625,291.8500061035156,288.6466064453125,4281600
2024-11-05,291.7099914550781,294.7799987792969,291.5799865722656,293.2900085449219,290.07080078125,3753700
2024-11-06,306.32000732421875,309.0,302.82000732421875,307.3999938964844,304.0259094238281,10320500
2024-11-07,307.5,307.6300048828125,304.4200134277344,305.79998779296875,302.4434814453125,6237300
2024-11-08,306.8900146484375,311.1499938964844,305.69000244140625,307.8699951171875,304.49072265625,6240600
2024-11-11,310.0899963378906,312.44000244140625,309.29998779296875,310.9200134277344,307.5072937011719,4674100
2024-11-12,309.0400085449219,310.54998779296875,308.1099853515625,309.8500061035156,307.0316467285156,4616400
2024-11-13,309.489990234375,310.95001220703125,307.8399963378906,309.4800109863281,306.6650390625,4046400
2024-11-14,309.29998779296875,311.2900085449219,307.8299865722656,308.25,305.44622802734375,4415800
2024-11-15,307.55999755859375,310.7200012207031,306.6600036621094,309.6400146484375,306.82354736328125,5106300
2024-11-18,309.4800109863281,312.4100036621094,308.70001220703125,312.1600036621094,309.3206481933594,4585600
2024-11-19,310.0,312.2300109863281,308.510009765625,311.8500061035156,309.01348876953125,4885500
2024-11-20,311.8599853515625,312.2900085449219,306.2200012207031,307.3900146484375,304.59405517578125,6349900
2024-11-21,307.29998779296875,310.9200134277344,306.6499938964844,309.8999938964844,307.0812072753906,5757100
2024-11-22,307.9700012207031,311.5899963378906,307.8999938964844,309.9200134277344,307.1009826660156,5919200
2024-11-25,311.8599853515625,313.6600036621094,309.8599853515625,313.19000244140625,310.3412780761719,14189300
2024-11-26,314.20001220703125,314.5,311.5400085449219,311.82000732421875,308.9837646484375,7071500
2024-11-27,310.7699890136719,316.3699951171875,309.489990234375,314.70001220703125,311.8375244140625,5204300
2024-11-29,314.2900085449219,316.25,313.70001220703125,315.0799865722656,312.2140197753906,3853300
2024-12-02,316.8999938964844,317.4200134277344,313.7099914550781,316.6499938964844,313.7698059082031,5597500
2024-12-03,317.1000061035156,317.32000732421875,312.7699890136719,313.010009765625,310.1629333496094,5009900
2024-12-04,312.4200134277344,312.8500061035156,308.79998779296875,309.8999938964844,307.0812072753906,5981800
2024-12-05,309.9800109863281,311.0899963378906,308.8299865722656,309.0799865722656,306.2686462402344,5200100
2024-12-06,308.8699951171875,312.55999755859375,308.79998779296875,311.010009765625,308.18109130859375,4302700
2024-12-09,311.8299865722656,313.010009765625,307.6400146484375,308.29998779296875,305.4957580566406,5785300
2024-12-10,307.3599853515625,312.9800109863281,306.6400146484375,312.3800048828125,309.5386657714844,4539500
2024-12-11,313.0400085449219,315.54998779296875,311.2099914550781,313.7900085449219,310.935791015625,4321800
2024-12-12,314.82000732421875,315.54998779296875,313.42999267578125,314.2300109863281,311.3718566894531,3218500
2024-12-13,315.8299865722656,316.95001220703125,314.3399963378906,314.739990234375,311.8771667480469,4682200
2024-12-16,314.739990234375,317.55999755859375,314.1000061035156,315.8900146484375,313.0167541503906,6562500
2024-12-17,315.82000732421875,318.8399963378906,315.1400146484375,318.29998779296875,315.4047546386719,8843900
2024-12-18,318.5,321.6199951171875,309.55999755859375,309.7799987792969,306.9622802734375,10479200
2024-12-19,311.8299865722656,316.8699951171875,311.2300109863281,314.8800048828125,312.0158996582031,8317100
2024-12-20,313.57000732421875,320.0,312.2799987792969,317.7099914550781,314.8201599121094,24387000
2024-12-23,315.6499938964844,317.9700012207031,313.3500061035156,317.2200012207031,314.3346252441406,7984600
2024-12-24,318.1700134277344,321.5400085449219,317.2799987792969,320.6499938964844,317.7333984375,2684100
2024-12-26,319.7699890136719,321.45001220703125,319.4599914550781,320.9100036621094,317.9910583496094,2856000
2024-12-27,319.2699890136719,321.5,317.55999755859375,318.6600036621094,315.7615051269531,3489200
2024-12-30,314.67999267578125,317.1099853515625,313.2300109863281,315.30999755859375,312.4419860839844,3478500
2024-12-31,316.1199951171875,317.6600036621094,315.19000244140625,316.0400085449219,313.1653747558594,3963800
2025-01-02,317.7799987792969,319.67999267578125,312.4100036621094,314.3999938964844,311.5402526855469,5369500
2025-01-03,314.17999267578125,315.9200134277344,312.010009765625,314.9100036621094,312.045654296875,4271300
2025-01-06,315.010009765625,315.3900146484375,312.07000732421875,313.0400085449219,310.1926574707031,6567300
2025-01-07,312.8900146484375,315.19000244140625,311.32000732421875,311.6700134277344,308.8351135253906,4958600
2025-01-08,311.0,314.0400085449219,310.2099914550781,312.6000061035156,309.75665283203125,5161600
2025-01-10,311.20001220703125,311.8500061035156,305.989990234375,307.7099914550781,304.9111022949219,6660100
2025-01-13,305.0,306.9200134277344,303.8399963378906,306.9200134277344,304.12835693359375,9568400
2025-01-14,308.75,310.1600036621094,307.5199890136719,309.0899963378906,306.278564453125,5107600
2025-01-15,313.67999267578125,317.19000244140625,313.1300048828125,316.2799987792969,313.4031677246094,5222000
2025-01-16,315.75,319.17999267578125,315.75,317.25,314.3643493652344,4606700
2025-01-17,317.5,320.5899963378906,316.7099914550781,319.6199951171875,316.7127685546875,5805800
2025-01-21,320.30999755859375,324.5799865722656,320.0,323.6300048828125,320.68634033203125,5653000
2025-01-22,324.7699890136719,325.739990234375,322.3800048828125,323.55999755859375,320.6169738769531,5026500
2025-01-23,323.760009765625,328.510009765625,323.57000732421875,328.2099914550781,325.2246398925781,5297100
2025-01-24,328.0199890136719,331.0899963378906,327.80999755859375,330.20001220703125,327.1965637207031,4327500
2025-01-27,330.0,335.489990234375,328.04998779296875,334.5400085449219,331.4971008300781,6636500
2025-01-28,334.6700134277344,337.8299865722656,332.8900146484375,334.4800109863281,331.4376525878906,5999600
2025-01-29,334.5,337.1099853515625,334.5,335.8800048828125,332.8249206542969,5087300
2025-01-30,339.510009765625,344.44000244140625,339.0,343.04998779296875,339.9296569824219,8081300
2025-01-31,346.4700012207031,351.25,341.7099914550781,341.79998779296875,338.6910400390625,8624100
2025-02-03,340.0,346.0,339.239990234375,345.82000732421875,342.6744689941406,8004500
2025-02-04,344.6000061035156,346.010009765625,342.5400085449219,345.1499938964844,342.01055908203125,5532600
2025-02-05,346.0,349.4800109863281,345.25,349.44000244140625,346.26153564453125,4939100
2025-02-06,349.7799987792969,350.6499938964844,346.6000061035156,347.4800109863281,344.3193664550781,4294500
2025-02-07,348.0,350.75,347.2099914550781,348.0199890136719,344.8544616699219,4261200
2025-02-10,348.70001220703125,351.8999938964844,347.70001220703125,351.2300109863281,348.0353088378906,6067000
2025-02-11,348.29998779296875,352.1199951171875,346.25,350.7200012207031,348.11468505859375,5154800
2025-02-12,349.1600036621094,351.8299865722656,347.489990234375,351.489990234375,348.87896728515625,6760100
2025-02-13,353.1199951171875,356.0799865722656,350.7300109863281,355.6300048828125,352.98822021484375,4279200
2025-02-14,354.42999267578125,355.42999267578125,353.2200012207031,353.80999755859375,351.1817321777344,5720300
2025-02-18,353.69000244140625,356.739990234375,352.3999938964844,356.7300109863281,354.0800476074219,5822000
2025-02-19,356.0199890136719,357.1499938964844,354.17999267578125,355.2300109863281,352.5911865234375,4152300
2025-02-20,355.2300109863281,356.1300048828125,349.05999755859375,350.489990234375,347.8863830566406,5697000
2025-02-21,350.489990234375,353.32000732421875,347.4800109863281,348.5299987792969,345.9409484863281,6924100
2025-02-24,348.760009765625,350.79998779296875,347.3599853515625,349.8599853515625,347.26104736328125,5055900
2025-02-25,351.3699951171875,352.5899963378906,346.0,352.0899963378906,349.4744873046875,6191900
2025-02-26,350.0,351.8299865722656,348.989990234375,350.6300048828125,348.0253601074219,5960600
2025-02-27,351.8999938964844,360.30999755859375,351.67999267578125,355.739990234375,353.097412109375,7298100
2025-02-28,354.7099914550781,364.0,353.7099914550781,362.7099914550781,360.0155944824219,15857300
2025-03-03,363.0,366.5400085449219,359.5400085449219,361.82000732421875,359.1322021484375,9099600
2025-03-04,360.1099853515625,360.2699890136719,350.3999938964844,352.2300109863281,349.61346435546875,8955800
2025-03-05,350.8299865722656,354.1099853515625,348.94000244140625,352.67999267578125,350.06011962890625,8244200
2025-03-06,345.9599914550781,348.8699951171875,340.3900146484375,344.1600036621094,341.6034240722656,8611100
2025-03-07,340.8699951171875,346.3900146484375,339.1400146484375,345.32000732421875,342.7547912597656,6358700
2025-03-10,339.94000244140625,345.010009765625,337.6400146484375,341.4800109863281,338.9433288574219,8204300
2025-03-11,338.4100036621094,339.6099853515625,329.5799865722656,332.1400146484375,329.6727294921875,9776100
2025-03-12,335.9700012207031,336.1600036621094,329.1099853515625,332.8399963378906,330.3675231933594,6295400
2025-03-13,330.989990234375,336.20001220703125,327.70001220703125,328.54998779296875,326.1093444824219,7915300
2025-03-14,327.2099914550781,332.7699890136719,326.3800048828125,331.79998779296875,329.335205078125,7810600
2025-03-17,330.0299987792969,336.1099853515625,329.760009765625,334.54998779296875,332.0647888183594,6149400
2025-03-18,335.2900085449219,335.79998779296875,332.29998779296875,334.7699890136719,332.28314208984375,7778300
2025-03-19,336.79998779296875,341.0299987792969,334.5,339.8699951171875,337.34527587890625,5614900
2025-03-20,339.0,342.239990234375,337.6600036621094,339.5,336.9780578613281,5432700
2025-03-21,337.3699951171875,339.42999267578125,335.5199890136719,335.6600036621094,333.16656494140625,17279700
2025-03-24,338.6499938964844,345.2200012207031,337.6499938964844,343.8699951171875,341.3155822753906,5675100
2025-03-25,344.55999755859375,345.5299987792969,340.6700134277344,344.6199951171875,342.05999755859375,3931200
2025-03-26,345.989990234375,347.3800048828125,343.0,344.17999267578125,341.623291015625,6187100
2025-03-27,344.0,350.8399963378906,343.32000732421875,349.8599853515625,347.26104736328125,7254800
2025-03-28,349.19000244140625,351.6199951171875,341.6099853515625,342.8500061035156,340.30316162109375,5687600
2025-03-31,339.3500061035156,351.8599853515625,334.489990234375,350.4599914550781,347.8565673828125,9950800
2025-04-01,350.44000244140625,350.45001220703125,342.57000732421875,346.3500061035156,343.7771911621094,7473300
2025-04-02,343.44000244140625,348.20001220703125,343.04998779296875,346.3299865722656,343.7572937011719,5682500
2025-04-03,333.8999938964844,344.739990234375,331.0,339.3900146484375,336.8688659667969,8792900
2025-04-04,330.0,334.6499938964844,312.1199951171875,313.1300048828125,310.803955078125,13201700
2025-04-07,302.07000732421875,322.17999267578125,299.0,312.32000732421875,309.9999694824219,12163400
2025-04-08,322.239990234375,326.2799987792969,303.92999267578125,308.2699890136719,305.9800109863281,9569300
2025-04-09,305.6400146484375,334.0299987792969,305.6400146484375,332.42999267578125,329.9605407714844,11361800
2025-04-10,328.0199890136719,330.1600036621094,313.2699890136719,324.6099853515625,322.1986389160156,8709800
2025-04-11,324.42999267578125,336.9800109863281,322.5400085449219,333.3999938964844,330.92333984375,6804500
2025-04-14,336.4100036621094,339.6099853515625,333.1400146484375,335.17999267578125,332.6901550292969,5011800
2025-04-15,336.7200012207031,339.3900146484375,335.0,335.80999755859375,333.3154296875,4386200
2025-04-16,335.0,337.2200012207031,328.8599853515625,331.3299865722656,328.86871337890625,5850600
2025-04-17,331.07000732421875,334.32000732421875,328.44000244140625,329.6099853515625,327.1614990234375,5655900
2025-04-21,329.0,329.1499938964844,316.6499938964844,320.1000061035156,317.72216796875,6362300
2025-04-22,323.8599853515625,332.55999755859375,322.3900146484375,331.3999938964844,328.93817138671875,5435500
2025-04-23,337.239990234375,341.25,333.20001220703125,334.3699951171875,331.8861389160156,8906000
2025-04-24,333.2799987792969,336.7699890136719,331.25,335.7099914550781,333.2161560058594,8055200
2025-04-25,334.760009765625,336.3699951171875,332.1700134277344,335.1700134277344,332.68017578125,4452800
2025-04-28,336.7799987792969,339.3399963378906,335.0199890136719,337.510009765625,335.0028076171875,5422900
2025-04-29,338.5,342.2699890136719,336.4599914550781,341.5199890136719,338.9830017089844,5519500
2025-04-30,334.44000244140625,346.5199890136719,333.239990234375,345.5,342.9334716796875,9526700
2025-05-01,345.5799865722656,345.7200012207031,340.1199951171875,342.45001220703125,339.9061279296875,5849900
2025-05-02,347.2200012207031,350.0899963378906,346.1199951171875,347.6000061035156,345.01788330078125,6113700
2025-05-05,347.0,351.04998779296875,346.1199951171875,348.6400146484375,346.0501403808594,3865300
2025-05-06,346.3999938964844,349.6499938964844,345.760009765625,347.70001220703125,345.11712646484375,3438500
2025-05-07,348.70001220703125,351.1499938964844,347.2099914550781,349.8500061035156,347.25115966796875,5454000
2025-05-08,352.0,355.3299865722656,350.95001220703125,351.2699890136719,348.66058349609375,4156400
2025-05-09,351.8299865722656,353.79998779296875,350.6700134277344,352.5400085449219,349.921142578125,3086600
2025-05-12,359.1400146484375,361.8900146484375,351.1300048828125,355.8500061035156,353.20660400390625,7985400
2025-05-13,355.5199890136719,358.8699951171875,354.5799865722656,356.1400146484375,354.0815124511719,5406200
2025-05-14,356.6700134277344,358.4100036621094,355.2099914550781,356.4599914550781,354.3996276855469,6207600
2025-05-15,356.8900146484375,363.7300109863281,356.67999267578125,362.29998779296875,360.20587158203125,5826100
2025-05-16,362.95001220703125,366.19000244140625,360.8900146484375,365.1199951171875,363.00958251953125,5838100
2025-05-19,363.0199890136719,369.1499938964844,362.32000732421875,367.8999938964844,365.77349853515625,5081500
2025-05-20,367.7799987792969,368.25,364.69000244140625,366.8399963378906,364.7196350097656,5281400
2025-05-21,363.7200012207031,365.989990234375,358.0799865722656,358.29998779296875,356.22900390625,6125500
2025-05-22,357.760009765625,360.0,356.55999755859375,357.9700012207031,355.90087890625,4936600
2025-05-23,353.75,356.0,352.2200012207031,353.5400085449219,351.49652099609375,5345900
2025-05-27,355.4100036621094,360.0,354.4800109863281,359.29998779296875,357.22320556640625,6316000
2025-05-28,359.3399963378906,360.9100036621094,358.0400085449219,359.7300109863281,357.6507873535156,3299000
2025-05-29,360.3500061035156,363.0400085449219,358.7200012207031,362.3999938964844,360.3053283691406,4590400
2025-05-30,361.3500061035156,367.0400085449219,361.3500061035156,365.19000244140625,363.0792236328125,8726900
2025-06-02,362.7699890136719,365.4599914550781,359.9599914550781,365.32000732421875,363.20843505859375,3845700
2025-06-03,364.5799865722656,366.8800048828125,361.5,365.8599853515625,363.7452697753906,5221300
2025-06-04,366.7099914550781,369.6600036621094,366.30999755859375,368.0,365.8729553222656,4202300
2025-06-05,370.0,371.0,365.92999267578125,366.7699890136719,364.6500549316406,6881900
2025-06-06,369.010009765625,371.0,367.54998779296875,370.2200012207031,368.080078125,5008500
2025-06-09,369.7900085449219,369.7900085449219,362.04998779296875,366.6600036621094,364.54071044921875,4999900
2025-06-10,367.0,371.44000244140625,366.67999267578125,370.70001220703125,368.5573425292969,4109300
2025-06-11,370.0,375.510009765625,369.3800048828125,373.30999755859375,371.1522521972656,5562700
2025-06-12,372.2300109863281,374.1700134277344,369.54998779296875,371.3999938964844,369.2532958984375,4874000
2025-06-13,361.510009765625,363.010009765625,345.0,352.8500061035156,350.8105163574219,14181700
2025-06-16,356.489990234375,360.2200012207031,354.3299865722656,355.4800109863281,353.42529296875,7234700
2025-06-17,353.489990234375,359.6000061035156,353.32000732421875,357.8399963378906,355.77166748046875,5559600
2025-06-18,357.8500061035156,358.4800109863281,338.0400085449219,340.3800048828125,338.41259765625,15008600
2025-06-20,338.95001220703125,340.0,334.9200134277344,338.57000732421875,336.6130676269531,19332100
2025-06-23,337.5,344.29998779296875,335.6300048828125,343.75,341.76312255859375,7553300
2025-06-24,351.5199890136719,354.55999755859375,347.9200134277344,351.6300048828125,349.5975646972656,10172000
2025-06-25,350.45001220703125,351.2900085449219,345.260009765625,345.260009765625,343.264404296875,6836300
2025-06-26,343.7799987792969,346.9100036621094,342.0299987792969,346.0299987792969,344.0299377441406,8829500
2025-06-27,346.5899963378906,352.010009765625,345.6600036621094,348.6099853515625,346.5950012207031,6601900
2025-06-30,349.3500061035156,355.6099853515625,349.05999755859375,355.04998779296875,352.9977722167969,7080100
2025-07-01,353.82000732421875,357.0,351.4200134277344,355.4700012207031,353.4153747558594,6653400
2025-07-02,354.6000061035156,356.3599853515625,350.0,354.2200012207031,352.1725769042969,5131400
2025-07-03,354.5899963378906,359.0,353.6099853515625,358.8599853515625,356.7857360839844,3702800
2025-07-07,358.9200134277344,359.6600036621094,354.489990234375,356.6400146484375,354.57861328125,5138000
2025-07-08,356.67999267578125,358.2799987792969,353.25,354.54998779296875,352.50067138671875,6966800
2025-07-09,355.07000732421875,357.760009765625,353.75,357.760009765625,355.6921691894531,7297100
2025-07-10,356.8299865722656,357.6199951171875,353.45001220703125,355.8800048828125,353.8229675292969,6121300
2025-07-11,352.510009765625,353.80999755859375,344.3900146484375,347.92999267578125,345.9189453125,7580200
2025-07-14,347.3900146484375,351.9700012207031,345.010009765625,350.5,348.4740905761719,5598900
2025-07-15,348.1199951171875,350.2099914550781,346.760009765625,347.0199890136719,345.0141906738281,4891700
2025-07-16,347.2900085449219,350.6700134277344,345.79998779296875,349.8999938964844,347.8775634765625,5544200
2025-07-17,350.0,351.3699951171875,348.4800109863281,349.80999755859375,347.7880859375,4747100
2025-07-18,349.5,349.5,347.1600036621094,349.04998779296875,347.032470703125,4927600
2025-07-21,349.05999755859375,353.6499938964844,348.3999938964844,350.94000244140625,348.91156005859375,5216300
2025-07-22,351.1000061035156,354.4800109863281,350.20001220703125,351.8599853515625,349.82623291015625,4614200
2025-07-23,353.0,355.7799987792969,351.2099914550781,355.2900085449219,353.2364196777344,4385600
2025-07-24,354.82000732421875,357.17999267578125,353.8599853515625,353.9700012207031,351.9240417480469,5887200
2025-07-25,354.0,357.6499938964844,353.010009765625,357.0400085449219,354.9762878417969,3915400
2025-07-28,356.3800048828125,358.32000732421875,354.7300109863281,355.4700012207031,353.4153747558594,3921000
2025-07-29,356.2900085449219,358.32000732421875,350.80999755859375,351.2900085449219,349.259521484375,7402300
2025-07-30,351.70001220703125,356.6199951171875,347.2300109863281,350.9100036621094,348.8817443847656,12129700
2025-07-31,348.92999267578125,352.82000732421875,345.0899963378906,345.4700012207031,343.47314453125,8641700
2025-08-01,344.1000061035156,346.1700134277344,338.1000061035156,339.3500061035156,337.3885498046875,8658700
2025-08-04,341.70001220703125,344.3800048828125,340.0,342.1499938964844,340.1723327636719,7335300
2025-08-05,342.1499938964844,342.4599914550781,335.54998779296875,337.42999267578125,335.4796447753906,7295600
2025-08-06,338.29998779296875,341.42999267578125,335.42999267578125,339.739990234375,337.77630615234375,5944100
2025-08-07,341.42999267578125,342.1499938964844,328.70001220703125,332.0899963378906,330.1705017089844,8797100
2025-08-08,333.67999267578125,337.3800048828125,332.7300109863281,336.7799987792969,334.8333740234375,6073900
2025-08-11,336.7300109863281,337.8599853515625,334.510009765625,335.8999938964844,333.95849609375,5715800
2025-08-12,335.20001220703125,338.6499938964844,334.80999755859375,336.739990234375,335.3827209472656,5682800
2025-08-13,336.9800109863281,343.4800109863281,336.7799987792969,342.54998779296875,341.1692810058594,5693400
2025-08-14,342.94000244140625,346.0799865722656,341.6700134277344,345.489990234375,344.0974426269531,6224000
2025-08-15,346.25,348.3599853515625,342.8599853515625,344.4700012207031,343.0815734863281,4946600
2025-08-18,343.8399963378906,345.7300109863281,340.95001220703125,342.739990234375,341.3585205078125,3999600
2025-08-19,342.55999755859375,346.3399963378906,341.8900146484375,342.45001220703125,341.0697326660156,4457200
2025-08-20,343.3999938964844,347.44000244140625,342.8500061035156,343.92999267578125,342.5437316894531,5834400
2025-08-21,342.8900146484375,344.5199890136719,339.7200012207031,343.69000244140625,342.3046875,6073600
2025-08-22,345.2200012207031,351.20001220703125,345.2200012207031,350.0400085449219,348.6291198730469,4973200
2025-08-25,349.6099853515625,350.7200012207031,347.5,348.82000732421875,347.4140319824219,8019800
2025-08-26,348.69000244140625,353.3999938964844,347.45001220703125,351.17999267578125,349.7644958496094,5876200
2025-08-27,350.7099914550781,353.42999267578125,349.8399963378906,350.3500061035156,348.9378662109375,5531100
2025-08-28,350.6000061035156,351.0400085449219,348.6000061035156,349.8599853515625,348.4498291015625,4987100
2025-08-29,350.4599914550781,352.6300048828125,349.0,351.7799987792969,350.36212158203125,3671900
2025-09-02,349.30999755859375,350.1700134277344,346.0799865722656,350.07000732421875,348.65899658203125,4940300
2025-09-03,349.3399963378906,350.8900146484375,347.260009765625,350.8699951171875,349.45574951171875,4176400
2025-09-04,350.7300109863281,352.6300048828125,349.1499938964844,350.989990234375,349.5752868652344,4324000
2025-09-05,351.3800048828125,352.6199951171875,340.20001220703125,343.2200012207031,341.83660888671875,5448300
2025-09-08,342.3399963378906,344.3800048828125,341.0,342.29998779296875,340.9202880859375,4711600
2025-09-09,341.69000244140625,346.32000732421875,341.2900085449219,343.989990234375,342.6034851074219,4646200
2025-09-10,342.6099853515625,342.6099853515625,336.44000244140625,338.1199951171875,336.7571716308594,6557900
2025-09-11,338.7300109863281,343.5299987792969,337.8699951171875,343.489990234375,342.1054992675781,5157600
2025-09-12,341.2200012207031,343.19000244140625,339.1700134277344,339.42999267578125,338.0618896484375,3518300
2025-09-15,340.6099853515625,342.7099914550781,338.3900146484375,339.04998779296875,337.6833801269531,4367500
2025-09-16,336.239990234375,340.5400085449219,333.4700012207031,340.0299987792969,338.6594543457031,5527700
2025-09-17,339.94000244140625,346.20001220703125,339.5199890136719,346.20001220703125,344.8045959472656,5763500
2025-09-18,344.7300109863281,345.2699890136719,338.17999267578125,338.17999267578125,336.8169250488281,7526600
2025-09-19,340.45001220703125,342.69000244140625,338.25,341.6099853515625,340.23309326171875,13674300
2025-09-22,339.010009765625,344.8599853515625,338.6600036621094,344.3599853515625,342.97198486328125,5621800
2025-09-23,344.5899963378906,345.260009765625,337.6300048828125,338.70001220703125,337.3348388671875,10142700
2025-09-24,339.1300048828125,339.8999938964844,337.9200134277344,338.67999267578125,337.31488037109375,5207400
2025-09-25,338.3500061035156,340.20001220703125,334.510009765625,334.92999267578125,333.58001708984375,5398700
2025-09-26,337.2300109863281,339.5,336.2300109863281,337.3699951171875,336.01019287109375,9619200
2025-09-29,337.3800048828125,340.6400146484375,335.54998779296875,340.1600036621094,338.7889404296875,7217800
2025-09-30,339.82000732421875,345.6099853515625,338.510009765625,341.3800048828125,340.0040283203125,8164400
2025-10-01,340.30999755859375,349.3599853515625,340.30999755859375,347.8299865722656,346.4280090332031,8381000
2025-10-02,346.2200012207031,347.17999267578125,343.55999755859375,345.95001220703125,344.55560302734375,5198000
2025-10-03,346.1099853515625,353.1600036621094,346.0,349.8399963378906,348.429931640625,5199700
2025-10-06,350.010009765625,351.1199951171875,344.3500061035156,349.2799987792969,347.8721618652344,4735600
2025-10-07,350.05999755859375,354.44000244140625,350.05999755859375,352.4200134277344,350.9995422363281,5044600
2025-10-08,353.7799987792969,355.0,351.1000061035156,351.3599853515625,349.94378662109375,3927500
2025-10-09,351.4700012207031,352.8699951171875,345.5799865722656,347.0400085449219,345.6412353515625,4434800
2025-10-10,347.6300048828125,350.3999938964844,343.25,343.6499938964844,342.2648620605469,6296200
2025-10-13,343.7200012207031,347.6600036621094,340.7300109863281,343.29998779296875,341.9162902832031,4030700
2025-10-14,341.0,350.010009765625,340.2200012207031,348.3800048828125,346.9757995605469,5731000
2025-10-15,348.3800048828125,350.0799865722656,344.0,345.69000244140625,344.2966613769531,3778200
2025-10-16,345.0,345.69000244140625,334.1700134277344,335.3999938964844,334.048095703125,6241500
2025-10-17,337.7699890136719,343.45001220703125,337.0,341.8900146484375,340.5119934082031,6267100
2025-10-20,341.8999938964844,344.9599914550781,338.94000244140625,344.4100036621094,343.0218200683594,4665000
2025-10-21,343.1199951171875,349.6499938964844,343.0,347.2099914550781,345.8105163574219,4121800
2025-10-22,347.82000732421875,348.1700134277344,344.5,345.3599853515625,343.9679870605469,5074400
2025-10-23,346.20001220703125,347.1499938964844,344.4599914550781,345.9599914550781,344.5655517578125,7217200
2025-10-24,348.20001220703125,349.0799865722656,345.32000732421875,347.3800048828125,345.9798583984375,3576700
2025-10-27,349.0,349.5199890136719,345.010009765625,347.82000732421875,346.4180908203125,5400300
2025-10-28,348.5799865722656,349.8900146484375,346.5,346.8999938964844,345.50177001953125,7445400
2025-10-29,346.0,350.9800109863281,339.0,341.2799987792969,339.9044189453125,8361700
2025-10-30,342.2200012207031,349.7200012207031,341.7900085449219,345.0299987792969,343.6393127441406,6411800
2025-10-31,342.0799865722656,343.0,338.1700134277344,340.739990234375,339.3665771484375,7301600
2025-11-03,341.0,341.2099914550781,334.82000732421875,336.8999938964844,335.54205322265625,5538000
2025-11-04,336.4800109863281,340.32000732421875,334.25,340.29998779296875,338.9283752441406,5920200
2025-11-05,340.1300048828125,342.1099853515625,336.3599853515625,340.0400085449219,338.66943359375,4984600
2025-11-06,338.5899963378906,338.6499938964844,333.7099914550781,336.9599914550781,335.6018371582031,8507900
2025-11-07,336.7300109863281,338.2900085449219,334.8500061035156,336.0199890136719,334.6656188964844,5318400
2025-11-10,336.6499938964844,338.67999267578125,334.32000732421875,334.8500061035156,333.5003662109375,5295800
2025-11-11,335.5,339.0899963378906,333.20001220703125,338.9200134277344,337.553955078125,4453300
2025-11-12,338.25,344.260009765625,337.3999938964844,338.8800048828125,338.1826477050781,6389600
2025-11-13,339.0400085449219,341.4599914550781,335.6000061035156,336.0799865722656,335.3883972167969,4961700
2025-11-14,335.8900146484375,336.0799865722656,329.0299987792969,330.0199890136719,329.3408508300781,6422300
2025-11-17,331.1600036621094,333.3599853515625,324.92999267578125,325.75,325.07965087890625,6494800
2025-11-18,324.5,325.0,318.0,321.17999267578125,320.51904296875,9170400
2025-11-19,321.5199890136719,324.57000732421875,319.8699951171875,324.1199951171875,323.4530029296875,7066700
2025-11-20,324.1199951171875,328.3999938964844,323.1400146484375,323.7699890136719,323.1037292480469,6510300
2025-11-21,325.3800048828125,331.0799865722656,324.2900085449219,327.9800109863281,327.3050842285156,8930000
2025-11-24,329.239990234375,330.7300109863281,326.0,329.29998779296875,328.6223449707031,9337100
2025-11-25,328.8999938964844,336.05999755859375,328.8999938964844,334.5299987792969,333.8415832519531,5854300
2025-11-26,334.5299987792969,335.7099914550781,333.05999755859375,333.7900085449219,333.1031188964844,4309900
2025-11-28,333.42999267578125,335.0199890136719,332.0,334.44000244140625,333.75177001953125,4586200
2025-12-01,332.94000244140625,333.29998779296875,330.1400146484375,330.3900146484375,329.7101135253906,7082300
2025-12-02,331.45001220703125,332.79998779296875,327.2099914550781,329.6199951171875,328.9416809082031,8201900
2025-12-03,329.6099853515625,332.3500061035156,329.3500061035156,329.6099853515625,328.93170166015625,6296700
2025-12-04,331.2799987792969,332.3800048828125,324.2799987792969,327.1000061035156,326.4268798828125,6277500
2025-12-05,326.8299865722656,334.1099853515625,326.3999938964844,331.239990234375,330.558349609375,5266600
2025-12-08,329.8800048828125,331.3399963378906,324.7099914550781,326.8399963378906,326.16741943359375,6059400
2025-12-09,326.6099853515625,328.2300109863281,325.07000732421875,326.5,325.828125,4325400
2025-12-10,326.6400146484375,328.760009765625,325.29998779296875,325.7300109863281,325.0596923828125,5467500
2025-12-11,332.6000061035156,347.32000732421875,330.05999755859375,345.6300048828125,344.91876220703125,12953600
2025-12-12,348.0,349.8399963378906,345.9700012207031,347.8299865722656,347.11419677734375,6942300
2025-12-15,347.8299865722656,348.45001220703125,343.8299865722656,346.8900146484375,346.1761779785156,7004600
2025-12-16,346.0,347.6199951171875,343.7200012207031,345.1099853515625,344.3998107910156,7269300
2025-12-17,345.54998779296875,347.7900085449219,343.67999267578125,344.4100036621094,343.7012634277344,7263500
2025-12-18,345.1700134277344,347.5299987792969,344.2699890136719,346.010009765625,345.2979736328125,6805000
2025-12-19,346.04998779296875,349.9100036621094,346.04998779296875,349.25,348.5312805175781,18623900
2025-12-22,350.0,353.44000244140625,349.5899963378906,352.0899963378906,351.3654479980469,5043500
2025-12-23,352.0,356.3800048828125,352.0,353.3800048828125,352.6528015136719,3703200
2025-12-24,353.3800048828125,355.989990234375,353.010009765625,355.1400146484375,354.4091796875,2023600
2025-12-26,355.1000061035156,356.7300109863281,353.7099914550781,355.0,354.26947021484375,2017000
2025-12-29,355.489990234375,356.54998779296875,353.79998779296875,354.6099853515625,353.8802490234375,3989900
2025-12-30,354.0,354.8699951171875,352.6600036621094,353.6199951171875,352.8923034667969,3366500
2025-12-31,353.6499938964844,355.20001220703125,350.69000244140625,350.7099914550781,349.98828125,3503200
2026-01-02,349.8699951171875,350.04998779296875,343.4800109863281,346.4800109863281,345.7669982910156,5403800
2026-01-05,344.5,357.5400085449219,344.04998779296875,353.79998779296875,353.0719299316406,7592200
2026-01-06,353.67999267578125,358.6199951171875,352.0,357.55999755859375,356.8241882324219,6775400
2026-01-07,357.1499938964844,358.2799987792969,354.510009765625,355.8800048828125,355.14764404296875,6333900
2026-01-08,355.0,356.3500061035156,349.5,352.2300109863281,351.50518798828125,6357600
2026-01-09,352.1600036621094,354.70001220703125,349.1600036621094,349.7699890136719,349.0502014160156,4902900
2026-01-12,342.7799987792969,346.510009765625,337.32000732421875,343.20001220703125,342.4937438964844,13281300
2026-01-13,337.0,337.5199890136719,323.8299865722656,327.8800048828125,327.2052917480469,20383500
2026-01-14,328.6600036621094,329.8999938964844,323.94000244140625,329.1700134277344,328.4926452636719,9388400
2026-01-15,329.3299865722656,331.69000244140625,326.3699951171875,327.75,327.0755310058594,8587700
2026-01-16,326.7799987792969,329.25,325.3999938964844,328.29998779296875,327.6243896484375,8341600
2026-01-20,322.2300109863281,328.32000732421875,321.55999755859375,325.82000732421875,325.1495056152344,8279900
2026-01-21,326.42999267578125,328.6700134277344,323.0,325.2799987792969,324.6106262207031,8974600
2026-01-22,326.4599914550781,328.3900146484375,324.0,326.3599853515625,325.6883850097656,6938700
2026-01-23,325.8599853515625,327.79998779296875,324.6199951171875,326.17999267578125,325.5087585449219,5667900
2026-01-26,328.0,332.0,325.0299987792969,328.489990234375,327.8139953613281,7540200
2026-01-27,328.4800109863281,328.92999267578125,324.9100036621094,325.260009765625,324.5906677246094,6365800
2026-01-28,326.7300109863281,328.3900146484375,324.8800048828125,326.9800109863281,326.30712890625,8106000
2026-01-29,330.0,333.3599853515625,323.510009765625,331.79998779296875,331.1171875,10214200
2026-01-30,332.2200012207031,333.0,321.6000061035156,321.8299865722656,321.1676940917969,11199100
2026-02-02,324.8299865722656,334.69000244140625,324.1099853515625,333.8399963378906,333.15301513671875,8502400
2026-02-03,331.6499938964844,335.7900085449219,328.8699951171875,328.92999267578125,328.25311279296875,9081200
2026-02-04,327.1099853515625,331.30999755859375,324.4200134277344,329.95001220703125,329.2710266113281,8472300
2026-02-05,333.0,337.5899963378906,328.82000732421875,329.1300048828125,328.45269775390625,8339000
2026-02-06,331.7799987792969,335.1300048828125,327.1000061035156,331.5799865722656,330.89764404296875,7798800
2026-02-09,330.760009765625,332.82000732421875,323.6199951171875,325.5799865722656,324.9100036621094,8513400
2026-02-10,324.7099914550781,329.8800048828125,324.54998779296875,328.1700134277344,328.1700134277344,5801800
2026-02-11,326.9200134277344,331.0400085449219,326.4200134277344,329.239990234375,329.239990234375,8264300
2026-02-12,328.8900146484375,332.239990234375,324.0,324.17999267578125,324.17999267578125,9392600
2026-02-13,323.8299865722656,326.4800109863281,312.82000732421875,314.0799865722656,314.0799865722656,11653900
2026-02-17,314.4100036621094,321.3800048828125,314.4100036621094,319.5,319.5,8591700
2026-02-18,319.5,322.2799987792969,316.7200012207031,320.29998779296875,320.29998779296875,7091900
2026-02-19,317.489990234375,320.20001220703125,315.7300109863281,318.92999267578125,318.92999267578125,5967600
2026-02-20,318.1099853515625,322.3500061035156,317.82000732421875,320.95001220703125,320.95001220703125,6831100
2026-02-23,319.0400085449219,320.5199890136719,304.7099914550781,306.5199890136719,306.5199890136719,13048000
2026-02-24,305.5,309.2699890136719,303.0799865722656,307.2200012207031,307.2200012207031,9120200
2026-02-25,308.54998779296875,313.94000244140625,308.25,312.989990234375,312.989990234375,7624200
2026-02-26,314.4800109863281,319.4200134277344,313.94000244140625,316.70001220703125,316.70001220703125,8725500
2026-02-27,314.4599914550781,320.2300109863281,311.95001220703125,320.1400146484375,320.1400146484375,12412900
2026-03-02,315.5,322.6000061035156,314.6000061035156,320.510009765625,320.510009765625,6674900
2026-03-03,315.80999755859375,322.0400085449219,314.3500061035156,320.8299865722656,320.8299865722656,5474300
2026-03-04,321.44000244140625,325.7699890136719,319.79998779296875,320.4700012207031,320.4700012207031,5257900
2026-03-05,319.3299865722656,322.79998779296875,314.7699890136719,319.79998779296875,319.79998779296875,8267200
2026-03-06,316.04998779296875,317.69000244140625,312.29998779296875,317.3599853515625,317.3599853515625,6439700
2026-03-09,313.4599914550781,316.3999938964844,310.1499938964844,315.9700012207031,315.9700012207031,8381500
2026-03-10,315.42999267578125,317.1300048828125,311.45001220703125,314.42999267578125,314.42999267578125,5271300
2026-03-11,313.25,315.0799865722656,308.3900146484375,308.9599914550781,308.9599914550781,6376700
2026-03-12,308.1400146484375,310.95001220703125,306.0199890136719,306.5,306.5,7514900
2026-03-13,307.5899963378906,310.3500061035156,306.4200134277344,307.1400146484375,307.1400146484375,4814100
2026-03-16,307.8500061035156,311.1300048828125,307.3800048828125,310.1099853515625,310.1099853515625,6401200
2026-03-17,311.32000732421875,312.69000244140625,307.3800048828125,308.4599914550781,308.4599914550781,6872200
2026-03-18,307.4100036621094,307.94000244140625,298.5,299.0199890136719,299.0199890136719,7191700
2026-03-19,298.0400085449219,302.4700012207031,297.0299987792969,299.7099914550781,299.7099914550781,6826400
2026-03-20,299.8500061035156,302.9200134277344,299.010009765625,301.6199951171875,301.6199951171875,14398100
2026-03-23,305.20001220703125,307.8500061035156,302.8500061035156,304.44000244140625,304.44000244140625,7824500
2026-03-24,302.0,306.0400085449219,300.6199951171875,303.760009765625,303.760009765625,5375900
2026-03-25,305.4800109863281,308.489990234375,302.1700134277344,304.9100036621094,304.9100036621094,6280900
2026-03-26,304.1600036621094,307.8699951171875,303.0,305.5299987792969,305.5299987792969,7652700
2026-03-27,304.32000732421875,304.5899963378906,294.32000732421875,295.5199890136719,295.5199890136719,9974400
2026-03-30,298.7300109863281,300.67999267578125,295.8900146484375,299.5400085449219,299.5400085449219,9330300
2026-03-31,301.6000061035156,303.3399963378906,296.5899963378906,302.239990234375,302.239990234375,10246900
2026-04-01,305.04998779296875,305.04998779296875,293.8900146484375,298.510009765625,298.510009765625,7707600
2026-04-02,297.79998779296875,302.4700012207031,295.8500061035156,300.79998779296875,300.79998779296875,4376000
2026-04-06,300.739990234375,304.4200134277344,299.4599914550781,303.3299865722656,303.3299865722656,5501000
2026-04-07,302.44000244140625,304.9800109863281,301.1199951171875,302.54998779296875,302.54998779296875,4413900
2026-04-08,307.7300109863281,311.0799865722656,307.70001220703125,308.9599914550781,308.9599914550781,6879300
2026-04-09,308.0,309.5799865722656,303.5899963378906,308.2900085449219,308.2900085449219,4811500
2026-04-10,308.7099914550781,309.0,303.510009765625,304.3599853515625,304.3599853515625,5190000
2026-04-13,303.92999267578125,309.75,302.3399963378906,309.3900146484375,309.3900146484375,6787200
2026-04-14,308.4700012207031,312.1199951171875,307.489990234375,311.3699951171875,311.3699951171875,5571000
2026-04-15,313.0,316.7300109863281,311.5199890136719,315.9100036621094,315.9100036621094,4831400
2026-04-16,316.3500061035156,318.0,314.57000732421875,315.1000061035156,315.1000061035156,5695800
2026-04-17,316.6000061035156,319.44000244140625,315.17999267578125,317.0199890136719,317.0199890136719,8077600
